	man_nick_name
13967	夜行游鬼
27212086	殿子desu
28232182	快递员小黑
42522	精神王
23072573	叫霓裳
1891359	HTdatou
1398630	天火official
508775	call_me_Gump
5316875	徽铯huise
203821	長門凖
37718180	涼風青葉頑張るぞい
9572567	小V不是弱受
2907459	scPointer
4361093	namelostman
4869969	小天man
344800	LEDお兄ちゃん
18751157	樱晴末雨
77643807	校了个寂寞
8402955	有只小强爬过
39801747	夜语晚樱
844122	Diana-ディアナ
365864	纯白Cco
3992958	斯辞
3316388	日茗Rim
7653875	底层海盗man有迹
5386406	MEISSS
393489	猫にこ
433909	蕲月拾鎏
18430435	のんびりの西谷
532974	黒羽白夜
6141426	二階堂理香
21750805	狂う四葉
12811309	墨叽令羽
433457864	陽向ここみ
19069523	-清泉-
8548041	休之卡比Official
179424	丨坂上智代丨
13896578	鷹無し黄泉
237736901	御情羽辞
24936979	玉井KOoOR1
3242268	CC未央
390800017	椎名唯華字幕组
821706	立華橘
280481	QEDー495年の波紋
351290	非酋の兔
24461381	ラオあお
9993575	ayaneru_
2489626	陳-焼肉マン
5041653	夏娜SF
287850	房导
64773	金星人DD
176824564	ジョニィ
5054811	秋月型駆逐艦1番艦秋月
49567	感知阿夸が大好きな鬼
22086536	kohakun
13036161	佐仓栞
269070	御坂10240
33006346	冰蓝之准
2187251	黑鸟X
194399	RNBSPFC
2036125	此处应有武器的批判
203365648	物述有栖-爱丽丝搬运
6979824	second的second
13109380	属猫的泷川
291511115	狗CK
6037177	十六夜新月
1933478	書架のウルスラ
94877250	胡命娃
395690261	Noah_CN
487902	暗and喵
11127515	Kazusasukina
12817246	PascalAouen
82916	VTB单推人
12602957	逆十字_
6021672	渔人です
150649	实肉鱼儿
94332	零式飞翼
45264	我是谁我在干嘛我在哪
7912318	回生_
4837766	法尼华伦泰大总统
13393950	八云_幽紫
435765590	黑白磁场三
176909376	ヤドン酱
8292078	鸣宣煊
4463233	百合神教忠实信徒
82949008	阿-废
195269443	老司稽滴滴滴
131147	yourElinia
12095344	冰尘regulus
104655	风影在世
2250037	雨天_一心一意希薇娅
3404446	略略略略略掠影
663679	踯躅之躅
241345	超高校级的MAD控
343520	齿轮君
13532364	退路遮断
150624605	Franzk
3666800	Incklaw
34173270	百鬼绫沐
117843	没cccccc
1417196	白音こゆき単推し未来
4401930	Uaccccccccc
2025122	生田姑
319323	爱德蒙-唐-大兔
914548	潜行吧粮食君
272268	夏川Ryoko
2209766	江鱼君
4581846	悲哀的单纯
2484884	少吃零食多poi
3151679	维纟丶酱
467274	莫莫h
244917953	原初天域
8992732	Yoshino丶Zadkiel
82618	半夜党
1576279	rule宅男
581279	少了两个字
129679	天鳳やきとり
128595	Kimだよ
2122205	eu君灬
4649907	H域
12583	普京
516895	Erwin_Conifer
330986	头上一板砖
1861793	akalinアカリン
366986	追音如夕
37374404	黑羽鱼与黑鱼
93313301	冰糖花嫁
16509218	贤君
4271074	三大恶人之一天狗
16881081	Balaer
7079636	喵李
518200	飘飘雪飘飘
922227	bynoCh→潇煜
6363918	尘韵Mld
5913485	LisyaoranAki
14856611	盐腌咸鱼OfficiAl
5216349	阿尔贝蒂娜2世
336731767	夏色祭Official
10714657	柒蛋挞
656155	TBS量产机I型
197455	St.Jimmy
438245107	A-I_chan
895802	yyren
5671413	贫穷の貓耳秋穰子
243920693	螃蟹水母具足虫
201030	收衣服哒
45557549	喵探苍酥
177748	辣条王子王锤锤
1990717	猫ノ嫁
476039	艾弗朗
1601987	Shin-KIVC
11816872	恶の妄想
15036345	叁水亲
18838062	森中花咲字幕组
2778044	森永みうofficial
1903977	Reki郁哲
740936	山手線的上空
5207984	格御イア
2962071	hbmojo
485021	幡多乃ちゃろガチ恋
9135704	NoWorld_China
11635592	雨晨だよ
1472831	逆转的安迪先生
36202710	无悔-中国的茄子推荐
436459190	别的女人确实好看
470933	Mr浩太
1431832	咩艾露贝莉
110536781	薛定猫的鳄-oi
617338	工具狐FullestFox
19489	拉姆达
406805563	乙女音Official
19940327	海拉福
401891	二萝エイロン
474445146	笨比0号
2288882	咕咕咕达子X
36572	想学画画的啾啾
412113528	梅亚莉Official
7869867	xt尊くんg2_Meet
34655574	安土桃的摸鱼搬运
3834679	dennis97519
760189	YOLO_蒂蒂
9376710	LonelyRainy孤雨
165739196	烏鴉先生小迪
6686684	有诗有酒有远方
79970784	海军加政府
387912547	余鸿福
477143291	古林蘭野
13280779	DD无罪daze
27228190	Okanlu豆腐饭团
